"run","channel","resp_rate","resp_r2","resp_bg_rate_run","resp_rate_bg_adj_run","resp_bg_rate_channel","resp_rate_bg_adj_channel","resp_bg_rate_mean","resp_rate_bg_adj_mean","Date","id","treatment","RLC_start","RLC_end","RLC","Respirometry","wet_weight_g","whole_anemone","note","date","time-resp-end","min-D-L","filename","ext","notes"
1,"1",-0.00979410766225972,0.943,-0.0102234223425406,0.000429314680280931,-0.0343790124916512,0.0245849048293915,-0.0196525144835521,0.00985840682129238,"26Apr2024","PVC_6","PVC_0.1_mgL",416,428,"complete","complete",0.86,"yes","beginning Fo didn't read, but the rest of the ETR was captured, healthy","26Apr2024",1305,30,"1_anemone-PVC-PP-26APR2024_O2",".csv",NA
1,"2",-0.00709776417861668,0.946,-0.0102234223425406,0.00312565816392397,-0.0218545284731524,0.0147567642945357,-0.0196525144835521,0.0125547503049354,"26Apr2024","PVC_24","PVC_100_mgL",361,373,"complete","complete",0.66,"yes","aggragate 12, low simbiont (Symbiont?) density","26Apr2024",1305,30,"1_anemone-PVC-PP-26APR2024_O2",".csv",NA
1,"3",-0.0249618268144404,0.992,-0.0102234223425406,-0.0147384044718998,-0.0210859203235099,-0.00387590649093056,-0.0196525144835521,-0.00530931233088834,"26Apr2024","Control_3","Control",500,512,"complete","complete",3.61,"yes","healthy","26Apr2024",1305,30,"1_anemone-PVC-PP-26APR2024_O2",".csv",NA
1,"4",-0.0206009071851908,0.993,-0.0102234223425406,-0.0103774848426502,-0.0187510637489386,-0.00184984343625227,-0.0196525144835521,-0.000948392701638726,"26Apr2024","PP(A)_17","PP_A_10_mgL",847,859,"complete","complete",3.23,"yes","healthy","26Apr2024",1305,30,"1_anemone-PVC-PP-26APR2024_O2",".csv",NA
1,"5",-0.0140242138270571,0.983,-0.0102234223425406,-0.00380079148451647,-0.0132288872466532,-0.00079532658040392,-0.0196525144835521,0.00562830065649498,"26Apr2024","PP(A)_9","PP_A_0.1_mgL",706,718,"complete","complete",1.18,"yes","healthy","26Apr2024",1305,30,"1_anemone-PVC-PP-26APR2024_O2",".csv",NA
1,"7",-0.00216250402246329,0.821,-0.0102234223425406,0.00806091832007736,-0.0159789236214569,0.0138164195989936,-0.0196525144835521,0.0174900104610888,NA,"blank","blank",NA,NA,NA,NA,NA,NA,NA,"26Apr2024",1305,30,"1_anemone-PVC-PP-26APR2024_O2",".csv",NA
2,"1",-0.00422018081211473,0.865,-0.0116673535891659,0.00744717277705116,-0.0343790124916512,0.0301588316795365,-0.0196525144835521,0.0154323336714374,"26Apr2024","PP(A)_18","PP_A_10_mgL",860,872,"complete","complete",0.85,"yes","healthy","26Apr2024",1440,33,"2_anemone-PVC-PP-26APR2024_O2",".csv",NA
2,"2",-0.0012088544268068,0.254,-0.0116673535891659,0.0104584991623591,-0.0218545284731524,0.0206456740463456,-0.0196525144835521,0.0184436600567453,NA,"blank","blank",NA,NA,NA,NA,NA,NA,NA,"26Apr2024",1440,33,"2_anemone-PVC-PP-26APR2024_O2",".csv",NA
2,"3",0.00729929728188954,0.923,-0.0116673535891659,0.0189666508710554,-0.0210859203235099,0.0283852176053994,-0.0196525144835521,0.0269518117654416,"26Apr2024","PVC_23","PVC_100_mgL",461,473,"complete","complete",1.38,"yes","healthy","26Apr2024",1440,33,"2_anemone-PVC-PP-26APR2024_O2",".csv",NA
2,"4",5.61510867488919e-05,0.00068,-0.0116673535891659,0.0117235046759148,-0.0187510637489386,0.0188072148356874,-0.0196525144835521,0.019708665570301,"26Apr2024","PP(A)_10","PP_A_0.1_mgL",719,731,"complete","complete",1.21,"yes","RLC reading is weird, healthy","26Apr2024",1440,33,"2_anemone-PVC-PP-26APR2024_O2",".csv",NA
2,"5",-0.0034390639281611,0.855,-0.0116673535891659,0.00822828966100479,-0.0132288872466532,0.0097898233184921,-0.0196525144835521,0.016213450555391,"26Apr2024","PVC_1","PVC_0.01_mgL",94,106,"complete","complete",1.09,"yes","healthy","26Apr2024",1440,33,"2_anemone-PVC-PP-26APR2024_O2",".csv",NA
2,"7",-0.0126516375418433,0.946,-0.0116673535891659,-0.000984283952677377,-0.0159789236214569,0.00332728607961366,-0.0196525144835521,0.00700087694170883,"26Apr2024","PP(A)_15","PP_A_1_mgL",810,822,"complete","complete",0.85,"yes","bleached","26Apr2024",1440,33,"2_anemone-PVC-PP-26APR2024_O2",".csv",NA
3,"1",-0.0106661543421729,0.962,-0.0215796466879105,0.0109134923457376,-0.0343790124916512,0.0237128581494783,-0.0196525144835521,0.00898636014137919,"26Apr2024","PP(A)_21","PP_A_100_mgL",899,911,"complete","complete",2.76,"yes","healthy, chonk","26Apr2024",1610,33,"3_anemone-PVC-PP-26APR2024_O2",".csv",NA
3,"2",-0.00627983713487708,0.91,-0.0215796466879105,0.0152998095530334,-0.0218545284731524,0.0155746913382753,-0.0196525144835521,0.013372677348675,"26Apr2024","PP(A)_5","PP_A_0.01_mgL",636,648,"complete","complete",1.7,"yes","juicy one","26Apr2024",1610,33,"3_anemone-PVC-PP-26APR2024_O2",".csv",NA
3,"3",-0.0184307155872219,0.991,-0.0215796466879105,0.00314893110068864,-0.0210859203235099,0.002655204736288,-0.0196525144835521,0.00122179889633022,"26Apr2024","PVC_20","PVC_10_mgL",280,292,"complete","complete",0.97,"yes","bleached","26Apr2024",1610,33,"3_anemone-PVC-PP-26APR2024_O2",".csv",NA
3,"4",-0.0164886620873759,0.983,-0.0215796466879105,0.00509098460053466,-0.0187510637489386,0.00226240166156269,-0.0196525144835521,0.00316385239617624,NA,"blank","blank",NA,NA,NA,NA,NA,NA,NA,"26Apr2024",1610,33,"3_anemone-PVC-PP-26APR2024_O2",".csv",NA
3,"5",-0.0206273382722564,0.991,-0.0215796466879105,0.000952308415654069,-0.0132288872466532,-0.00739845102560325,-0.0196525144835521,-0.000974823788704351,"26Apr2024","PVC_13","PVC_1_mgL",980,992,"complete","complete",1.2,"yes","placement_issue, healthy","26Apr2024",1610,33,"3_anemone-PVC-PP-26APR2024_O2",".csv",NA
3,"7",-0.0105093857367694,0.967,-0.0215796466879105,0.0110702609511411,-0.0159789236214569,0.00546953788468753,-0.0196525144835521,0.0091431287467827,"26Apr2024","PVC_8","PVC_0.1_mgL",143,155,"complete","complete",1.42,"yes","healthy","26Apr2024",1610,33,"3_anemone-PVC-PP-26APR2024_O2",".csv","stir bar stalled, restarted 50mins in"
4,"1",-0.0172002955160408,0.98,-0.0343790124916512,0.0171787169756104,-0.0343790124916512,0.0171787169756104,-0.0196525144835521,0.00245221896751125,NA,"blank","blank",NA,NA,NA,NA,NA,NA,NA,"26Apr2024",1740,35,"4_anemone-PVC-PP-26APR2024_O2",".csv",NA
4,"2",-0.0208371752835831,0.987,-0.0343790124916512,0.0135418372080681,-0.0218545284731524,0.00101735318956926,-0.0196525144835521,-0.00118466080003102,"26Apr2024","Control_1","Control",474,486,"complete","complete",0.84,"yes","healthy","26Apr2024",1740,35,"4_anemone-PVC-PP-26APR2024_O2",".csv",NA
4,"3",-0.0251258600885532,0.993,-0.0343790124916512,0.00925315240309806,-0.0210859203235099,-0.00403993976504329,-0.0196525144835521,-0.00547334560500107,"26Apr2024","PVC_15","PVC_1_mgL",212,224,"complete","complete",1.7,"yes","healthy","26Apr2024",1740,35,"4_anemone-PVC-PP-26APR2024_O2",".csv",NA
4,"4",-0.0264515695420022,0.993,-0.0343790124916512,0.00792744294964899,-0.0187510637489386,-0.00770050579306368,-0.0196525144835521,-0.00679905505845014,"26Apr2024","PVC_10","PVC_0.1_mgL",117,129,"complete","complete",1.31,"yes","healthy","26Apr2024",1740,35,"4_anemone-PVC-PP-26APR2024_O2",".csv",NA
4,"5",-0.00862534070374018,0.98,-0.0343790124916512,0.025753671787911,-0.0132288872466532,0.00460354654291301,-0.0196525144835521,0.0110271737798119,"26Apr2024","PP(A)_12","PP_A_1_mgL",765,777,"complete","complete",0.49,"yes","healthy","26Apr2024",1740,35,"4_anemone-PVC-PP-26APR2024_O2",".csv",NA
4,"7",-0.0101692447610842,0.981,-0.0343790124916512,0.024209767730567,-0.0159789236214569,0.00580967886037269,-0.0196525144835521,0.00948326972246786,"26Apr2024","PP(A)_2","PP_A_0.01_mgL",565,577,"complete","complete",0.48,"yes","healthy","26Apr2024",1740,35,"4_anemone-PVC-PP-26APR2024_O2",".csv",NA
5,"1",-0.0179860521481802,0.988,-0.0315544452965463,0.0135683931483661,-0.0343790124916512,0.016392960343471,-0.0196525144835521,0.00166646233537191,"26Apr2024","PP(A)_7","PP_A_0.1_mgL",680,692,"complete","complete",1.28,"yes","healthy","26Apr2024",1910,30,"5_anemone-PVC-PP-26APR2024_O2",".csv",NA
5,"2",-0.0206961350792876,0.991,-0.0315544452965463,0.0108583102172586,-0.0218545284731524,0.00115839339386473,-0.0196525144835521,-0.00104362059573554,"26Apr2024","PVC_2","PVC_0.01_mgL",81,93,"complete","complete",1.56,"yes","healthy","26Apr2024",1910,30,"5_anemone-PVC-PP-26APR2024_O2",".csv",NA
5,"3",-0.0269138806340478,0.983,-0.0315544452965463,0.0046405646624985,-0.0210859203235099,-0.0058279603105379,-0.0196525144835521,-0.00726136615049568,NA,"blank","blank",NA,NA,NA,NA,NA,NA,NA,"26Apr2024",1910,30,"5_anemone-PVC-PP-26APR2024_O2",".csv",NA
5,"4",-0.00990137364965838,0.953,-0.0315544452965463,0.0216530716468879,-0.0187510637489386,0.00884969009928017,-0.0196525144835521,0.00975114083389372,"26Apr2024","PVC_16","PVC_10_mgL",228,240,"complete","complete",0.51,"yes","stopped reading partway though. started over immediately after, healthy","26Apr2024",1910,30,"5_anemone-PVC-PP-26APR2024_O2",".csv",NA
5,"5",-0.0499879198829089,0.995,-0.0315544452965463,-0.0184334745863626,-0.0132288872466532,-0.0367590326362557,-0.0196525144835521,-0.0303354053993568,"26Apr2024","PP(A)_19","PP_A_10_mgL",873,885,"complete","complete",1.18,"yes","healthy","26Apr2024",1910,30,"5_anemone-PVC-PP-26APR2024_O2",".csv",NA
5,"7",-0.0184597192805136,0.905,-0.0315544452965463,0.0130947260160326,-0.0159789236214569,-0.00248079565905671,-0.0196525144835521,0.00119279520303846,"26Apr2024","PP(A)_24","PP_A_100_mgL",954,966,"complete","complete",3.59,"yes","healthhy","26Apr2024",1910,30,"5_anemone-PVC-PP-26APR2024_O2",".csv","anemone tentacle contacted probe"
6,"1",-0.00621060089518328,0.894,-0.0171772987455727,0.0109666978503894,-0.0343790124916512,0.0281684115964679,-0.0196525144835521,0.0134419135883688,"26Apr2024","PVC_25","PVC_100_mgL",327,339,"complete","complete",0.98,"yes","healthy","26Apr2024",2040,31,"6_anemone-PVC-PP-26APR2024_O2",".csv",NA
6,"2",-0.014445180009333,0.976,-0.0171772987455727,0.00273211873623967,-0.0218545284731524,0.00740934846381934,-0.0196525144835521,0.00520733447421907,"26Apr2024","PVC_18","PVC_10_mgL",254,266,"complete","complete",0.68,"yes","healthy","26Apr2024",2040,31,"6_anemone-PVC-PP-26APR2024_O2",".csv","temp probe popped out at 50 mins"
6,"3",-0.000282251518384115,0.0108,-0.0171772987455727,0.0168950472271886,-0.0210859203235099,0.0208036688051258,-0.0196525144835521,0.019370262965168,"26Apr2024","Control_5","Control",526,538,"complete","complete",1.49,"yes","healthy","26Apr2024",2040,31,"6_anemone-PVC-PP-26APR2024_O2",".csv",NA
6,"4",-0.00829302186639959,0.902,-0.0171772987455727,0.00888427687917311,-0.0187510637489386,0.010458041882539,-0.0196525144835521,0.0113594926171525,"26Apr2024","PVC_4","PVC_0.01_mgL",55,67,"complete","complete",1.19,"yes","healthy","26Apr2024",2040,31,"6_anemone-PVC-PP-26APR2024_O2",".csv",NA
6,"5",-0.00608943758342052,0.804,-0.0171772987455727,0.0110878611621522,-0.0132288872466532,0.00713944966323268,-0.0196525144835521,0.0135630769001316,NA,"blank","blank",NA,NA,NA,NA,NA,NA,NA,"26Apr2024",2040,31,"6_anemone-PVC-PP-26APR2024_O2",".csv",NA
6,"7",-0.0019457586440501,0.106,-0.0171772987455727,0.0152315401015226,-0.0159789236214569,0.0140331649774068,-0.0196525144835521,0.017706755839502,"26Apr2024","PP(A)_13","PP_A_1_mgL",778,790,"complete","complete",0.85,"yes","weird RLC, healthy","26Apr2024",2040,31,"6_anemone-PVC-PP-26APR2024_O2",".csv",NA
7,"1",-0.0111058070792691,0.981,-0.0217344249003732,0.0106286178211041,-0.0343790124916512,0.0232732054123822,-0.0196525144835521,0.00854670740428304,"26Apr2024","PVC_12","PVC_1_mgL",176,188,"complete","complete",1.21,"yes","healthy","26Apr2024",2210,33,"7_anemone-PVC-PP-26APR2024_O2",".csv",NA
7,"2",-0.0179539382701067,0.989,-0.0217344249003732,0.00378048663026647,-0.0218545284731524,0.00390059020304564,-0.0196525144835521,0.00169857621344536,"26Apr2024","PVC_9","PVC_0.1_mgL",130,142,"complete","complete",2.11,"yes","healthy","26Apr2024",2210,33,"7_anemone-PVC-PP-26APR2024_O2",".csv",NA
7,"3",-0.00383226134790142,0.836,-0.0217344249003732,0.0179021635524718,-0.0210859203235099,0.0172536589756085,-0.0196525144835521,0.0158202531356507,"26Apr2024","PP(A)_20","PP_A_10_mgL",886,898,"complete","complete",1.29,"yes","healthy","26Apr2024",2210,33,"7_anemone-PVC-PP-26APR2024_O2",".csv",NA
7,"4",-0.010024121407082,0.966,-0.0217344249003732,0.0117103034932912,-0.0187510637489386,0.0087269423418565,-0.0196525144835521,0.00962839307647005,"26Apr2024","PP(A)_8","PP_A_0.1_mgL",693,705,"complete","complete",1.15,"yes","heallthy","26Apr2024",2210,33,"7_anemone-PVC-PP-26APR2024_O2",".csv",NA
7,"5",-0.010327842605217,0.986,-0.0217344249003732,0.0114065822951562,-0.0132288872466532,0.00290104464143618,-0.0196525144835521,0.00932467187833508,"26Apr2024","PP(A)_3","PP_A_0.01_mgL",610,622,"complete","complete",1.25,"yes","healthy","26Apr2024",2210,33,"7_anemone-PVC-PP-26APR2024_O2",".csv",NA
7,"7",-0.0207662274762891,0.997,-0.0217344249003732,0.000968197424084136,-0.0159789236214569,-0.00478730385483214,-0.0196525144835521,-0.00111371299273697,NA,"blank","blank",NA,NA,NA,NA,NA,NA,NA,"26Apr2024",2210,33,"7_anemone-PVC-PP-26APR2024_O2",".csv",NA
8,"1",-0.00850598856043257,0.975,-0.0092804757477337,0.000774487187301125,-0.0343790124916512,0.0258730239312187,-0.0196525144835521,0.0111465259231195,"26Apr2024","PVC_17","PVC_10_mgL",241,253,"complete","complete",0.55,"yes","healthy","26Apr2024",2345,30,"8_anemone-PVC-PP-26APR2024_O2",".csv",NA
8,"2",-0.0179857945056487,0.98,-0.0092804757477337,-0.00870531875791496,-0.0218545284731524,0.00386873396750372,-0.0196525144835521,0.00166671997790344,"26Apr2024","PP(A)_22","PP_A_100_mgL",923,935,"complete","complete",0.96,"yes","healthy","26Apr2024",2345,30,"8_anemone-PVC-PP-26APR2024_O2",".csv",NA
8,"3",-0.0141571605968069,0.986,-0.0092804757477337,-0.00487668484907318,-0.0210859203235099,0.006928759726703,-0.0196525144835521,0.00549535388674522,"26Apr2024","PP(A)_4","PP_A_0.01_mgL",623,635,"complete","complete",1.1,"yes","bleached","26Apr2024",2345,30,"8_anemone-PVC-PP-26APR2024_O2",".csv",NA
8,"4",-0.0147705734754199,0.99,-0.0092804757477337,-0.00549009772768616,-0.0187510637489386,0.0039804902735187,-0.0196525144835521,0.00488194100813224,"26Apr2024","Control_4","Control",513,525,"complete","complete",1.05,"yes","healthy","26Apr2024",2345,30,"8_anemone-PVC-PP-26APR2024_O2",".csv",NA
8,"5",-0.00795737691559307,0.975,-0.0092804757477337,0.00132309883214063,-0.0132288872466532,0.00527151033106013,-0.0196525144835521,0.011695137567959,NA,"blank","blank",NA,NA,NA,NA,NA,NA,NA,"26Apr2024",2345,30,"8_anemone-PVC-PP-26APR2024_O2",".csv",NA
8,"7",-0.0183606395603753,0.99,-0.0092804757477337,-0.00908016381264162,-0.0159789236214569,-0.00238171593891839,-0.0196525144835521,0.00129187492317678,"26Apr2024","PVC_14","PVC_1_mgL",199,211,"complete","complete",1.26,"yes","healthy","26Apr2024",2345,30,"8_anemone-PVC-PP-26APR2024_O2",".csv",NA
9,"1",-0.0142046235455449,0.982,-0.0159224808099666,0.00171785726442174,-0.0343790124916512,0.0201743889461064,-0.0196525144835521,0.00544789093800725,"26Apr2024","PP(A)_16","PP_A_10_mgL",834,846,"complete","complete",3.07,"yes","healthy","26Apr2024",115,30,"9_anemone-PVC-PP-26APR2024_O2",".csv",NA
9,"2",-0.0173600903209164,0.991,-0.0159224808099666,-0.00143760951094981,-0.0218545284731524,0.00449443815223598,-0.0196525144835521,0.0022924241626357,"26Apr2024","PVC_7","PVC_0.1_mgL",156,168,"complete","complete",2.44,"yes","healthy","26Apr2024",115,30,"9_anemone-PVC-PP-26APR2024_O2",".csv",NA
9,"3",-0.0144593607595941,0.983,-0.0159224808099666,0.00146312005037247,-0.0210859203235099,0.00662655956391576,-0.0196525144835521,0.00519315372395798,"26Apr2024","PVC_3","PVC_0.01_mgL",68,80,"complete","complete",0.81,"yes","healthy","26Apr2024",115,30,"9_anemone-PVC-PP-26APR2024_O2",".csv",NA
9,"4",-0.0150202123418074,0.983,-0.0159224808099666,0.000902268468159188,-0.0187510637489386,0.00373085140713115,-0.0196525144835521,0.0046323021417447,NA,"blank","blank",NA,NA,NA,NA,NA,NA,NA,"26Apr2024",115,30,"9_anemone-PVC-PP-26APR2024_O2",".csv",NA
9,"5",-0.00904092947229496,0.902,-0.0159224808099666,0.00688155133767162,-0.0132288872466532,0.00418795777435823,-0.0196525144835521,0.0106115850112571,"26Apr2024","PP(A)_6","PP_A_0.1_mgL",649,661,"complete","complete",1.1,"yes","healthy","26Apr2024",115,30,"9_anemone-PVC-PP-26APR2024_O2",".csv",NA
9,"7",-0.00548057988752477,0.871,-0.0159224808099666,0.0104419009224418,-0.0159789236214569,0.0104983437339322,-0.0196525144835521,0.0141719345960273,"26Apr2024","PP(A)_11","PP_A_1_mgL",732,744,"complete","complete",0.89,"yes","cleavage","26Apr2024",115,30,"9_anemone-PVC-PP-26APR2024_O2",".csv",NA
10,"1",-0.00218513689920647,0.646,-0.0106173953504735,0.008432258451267,-0.0343790124916512,0.0321938755924447,-0.0196525144835521,0.0174673775843456,"26Apr2024","PVC_21","PVC_100_mgL",387,399,"complete","complete",0.61,"yes","stopped reading 2x partway though. started over immediately after, cleavage","26Apr2024",240,30,"10_anemone-PVC-PP-26APR2024_O2",".csv",NA
10,"2",-0.00330174155066417,0.596,-0.0106173953504735,0.0073156537998093,-0.0218545284731524,0.0185527869224882,-0.0196525144835521,0.0163507729328879,"26Apr2024","PP(A)_25","PP_A_100_mgL",967,979,"complete","complete",1.23,"yes","healthy","26Apr2024",240,30,"10_anemone-PVC-PP-26APR2024_O2",".csv",NA
10,"3",-0.0184348503118845,0.989,-0.0106173953504735,-0.007817454961411,-0.0210859203235099,0.00265107001162541,-0.0196525144835521,0.00121766417166763,NA,"blank","blank",NA,NA,NA,NA,NA,NA,NA,"26Apr2024",240,30,"10_anemone-PVC-PP-26APR2024_O2",".csv",NA
10,"4",-0.000568960225903017,0.0186,-0.0106173953504735,0.0100484351245705,-0.0187510637489386,0.0181821035230355,-0.0196525144835521,0.0190835542576491,"26Apr2024","PP(A)_1","PP_A_0.01_mgL",552,564,"complete","complete",0.97,"yes","healthy","26Apr2024",240,30,"10_anemone-PVC-PP-26APR2024_O2",".csv",NA
10,"5",0.00261368155007126,0.717,-0.0106173953504735,0.0132310769005447,-0.0132288872466532,0.0158425687967245,-0.0196525144835521,0.0222661960336234,"26Apr2024","PVC_19","PVC_10_mgL",267,279,"complete","complete",0.65,"yes","laceration","26Apr2024",240,30,"10_anemone-PVC-PP-26APR2024_O2",".csv",NA
10,"7",-0.00487835866484107,0.683,-0.0106173953504735,0.0057390366856324,-0.0159789236214569,0.0111005649566159,-0.0196525144835521,0.014774155818711,"26Apr2024","PP(A)_14","PP_A_1_mgL",797,809,"complete","complete",1.67,"yes","healthy","26Apr2024",240,30,"10_anemone-PVC-PP-26APR2024_O2",".csv",NA
11,"1",-0.0233724288112868,0.995,-0.0320417033571389,0.00866927454585201,-0.0343790124916512,0.0110065836803644,-0.0196525144835521,-0.00371991432773475,"26Apr2024","Control_2","Control",487,499,"complete","complete",0.58,"yes","healthy","26Apr2024",413,38,"11_anemone-PVC-PP-26APR2024_O2",".csv",NA
11,"2",-0.037318669735109,0.987,-0.0320417033571389,-0.00527696637797016,-0.0218545284731524,-0.0154641412619566,-0.0196525144835521,-0.0176661552515569,NA,"blank","blank",NA,NA,NA,NA,NA,NA,NA,"26Apr2024",413,38,"11_anemone-PVC-PP-26APR2024_O2",".csv",NA
11,"3",-0.0402016021594607,0.981,-0.0320417033571389,-0.00815989880232184,-0.0210859203235099,-0.0191156818359508,-0.0196525144835521,-0.0205490876759086,"26Apr2024","PP(A)_23","PP_A_100_mgL",941,953,"complete","complete",1.01,"yes","healthy","26Apr2024",413,38,"11_anemone-PVC-PP-26APR2024_O2",".csv",NA
11,"4",0.00409819606359027,0.599,-0.0320417033571389,0.0361398994207291,-0.0187510637489386,0.0228492598125288,-0.0196525144835521,0.0237507105471424,"26Apr2024","PVC_5","PVC_0.01_mgL",400,412,"complete","complete",1.45,"yes","placement_issue, healthy","26Apr2024",413,38,"11_anemone-PVC-PP-26APR2024_O2",".csv",NA
11,"5",-0.0338491273135198,0.992,-0.0320417033571389,-0.00180742395638093,-0.0132288872466532,-0.0206202400668666,-0.0196525144835521,-0.0141966128299677,"26Apr2024","PVC_11","PVC_1_mgL",444,456,"complete","complete",0.89,"yes","placement_issue , healthy","26Apr2024",413,38,"11_anemone-PVC-PP-26APR2024_O2",".csv",NA
11,"7",-0.0298094320637094,0.987,-0.0320417033571389,0.00223227129342948,-0.0159789236214569,-0.0138305084422525,-0.0196525144835521,-0.0101569175801573,"26Apr2024","PVC_22","PVC_100_mgL",374,386,"complete","complete",0.33,"yes","cleavage","26Apr2024",413,38,"11_anemone-PVC-PP-26APR2024_O2",".csv",NA
